<annotation>
  <folder></folder>
  <filename>Datacluster Cracked Screen (203).jpg</filename>
  <source>
    <database>Unknown</database>
    <annotation>Unknown</annotation>
    <image>Unknown</image>
  </source>
  <size>
    <width>6000</width>
    <height>8000</height>
    <depth></depth>
  </size>
  <segmented>0</segmented>
  <object>
    <name>good</name>
    <truncated>0</truncated>
    <occluded>0</occluded>
    <difficult>0</difficult>
    <bndbox>
      <xmin>2114.0</xmin>
      <ymin>2459.0</ymin>
      <xmax>4205.0</xmax>
      <ymax>6360.0</ymax>
    </bndbox>
    <attributes>
      <attribute>
        <name>rotation</name>
        <value>0.0</value>
      </attribute>
    </attributes>
  </object>
</annotation>
