<annotation>
  <folder></folder>
  <filename>Datacluster Cracked Screen (114).jpg</filename>
  <source>
    <database>Unknown</database>
    <annotation>Unknown</annotation>
    <image>Unknown</image>
  </source>
  <size>
    <width>1920</width>
    <height>4160</height>
    <depth></depth>
  </size>
  <segmented>0</segmented>
  <object>
    <name>damaged</name>
    <truncated>0</truncated>
    <occluded>0</occluded>
    <difficult>0</difficult>
    <bndbox>
      <xmin>82.1</xmin>
      <ymin>989.31</ymin>
      <xmax>1505.58</xmax>
      <ymax>3902.66</ymax>
    </bndbox>
    <attributes>
      <attribute>
        <name>rotation</name>
        <value>0.0</value>
      </attribute>
    </attributes>
  </object>
</annotation>
