<annotation>
  <folder></folder>
  <filename>Datacluster Cracked Screen (184).jpg</filename>
  <source>
    <database>Unknown</database>
    <annotation>Unknown</annotation>
    <image>Unknown</image>
  </source>
  <size>
    <width>2322</width>
    <height>4128</height>
    <depth></depth>
  </size>
  <segmented>0</segmented>
  <object>
    <name>damaged</name>
    <truncated>0</truncated>
    <occluded>0</occluded>
    <difficult>0</difficult>
    <bndbox>
      <xmin>868.86</xmin>
      <ymin>793.56</ymin>
      <xmax>2139.53</xmax>
      <ymax>2924.79</ymax>
    </bndbox>
    <attributes>
      <attribute>
        <name>rotation</name>
        <value>0.0</value>
      </attribute>
    </attributes>
  </object>
</annotation>
