<annotation>
  <folder></folder>
  <filename>Datacluster Cracked Screen (300).jpg</filename>
  <source>
    <database>Unknown</database>
    <annotation>Unknown</annotation>
    <image>Unknown</image>
  </source>
  <size>
    <width>4000</width>
    <height>3000</height>
    <depth></depth>
  </size>
  <segmented>0</segmented>
  <object>
    <name>cracked_screen</name>
    <truncated>0</truncated>
    <occluded>0</occluded>
    <difficult>0</difficult>
    <bndbox>
      <xmin>175.73</xmin>
      <ymin>562.7</ymin>
      <xmax>3998.53</xmax>
      <ymax>2550.33</ymax>
    </bndbox>
    <attributes>
      <attribute>
        <name>rotation</name>
        <value>0.0</value>
      </attribute>
    </attributes>
  </object>
</annotation>
