<annotation>
  <folder></folder>
  <filename>Datacluster Cracked Screen (35).jpg</filename>
  <source>
    <database>Unknown</database>
    <annotation>Unknown</annotation>
    <image>Unknown</image>
  </source>
  <size>
    <width>1200</width>
    <height>2528</height>
    <depth></depth>
  </size>
  <segmented>0</segmented>
  <object>
    <name>good</name>
    <truncated>0</truncated>
    <occluded>0</occluded>
    <difficult>0</difficult>
    <bndbox>
      <xmin>367.86</xmin>
      <ymin>392.57</ymin>
      <xmax>874.29</xmax>
      <ymax>1471.29</ymax>
    </bndbox>
    <attributes>
      <attribute>
        <name>rotation</name>
        <value>0.0</value>
      </attribute>
    </attributes>
  </object>
</annotation>
