<annotation>
  <folder></folder>
  <filename>Datacluster Cracked Screen (137).jpg</filename>
  <source>
    <database>Unknown</database>
    <annotation>Unknown</annotation>
    <image>Unknown</image>
  </source>
  <size>
    <width>3096</width>
    <height>4128</height>
    <depth></depth>
  </size>
  <segmented>0</segmented>
  <object>
    <name>cracked_screen</name>
    <truncated>0</truncated>
    <occluded>0</occluded>
    <difficult>0</difficult>
    <bndbox>
      <xmin>549.51</xmin>
      <ymin>349.83</ymin>
      <xmax>2499.21</xmax>
      <ymax>3926.53</ymax>
    </bndbox>
    <attributes>
      <attribute>
        <name>rotation</name>
        <value>0.0</value>
      </attribute>
    </attributes>
  </object>
</annotation>
