<annotation>
  <folder></folder>
  <filename>Datacluster Cracked Screen (243).jpg</filename>
  <source>
    <database>Unknown</database>
    <annotation>Unknown</annotation>
    <image>Unknown</image>
  </source>
  <size>
    <width>1932</width>
    <height>2576</height>
    <depth></depth>
  </size>
  <segmented>0</segmented>
  <object>
    <name>cracked_screen</name>
    <truncated>0</truncated>
    <occluded>0</occluded>
    <difficult>0</difficult>
    <bndbox>
      <xmin>7.04</xmin>
      <ymin>0.0</ymin>
      <xmax>1790.5</xmax>
      <ymax>1686.5</ymax>
    </bndbox>
    <attributes>
      <attribute>
        <name>rotation</name>
        <value>0.0</value>
      </attribute>
    </attributes>
  </object>
</annotation>
