<annotation>
  <folder></folder>
  <filename>Datacluster Cracked Screen (272).jpg</filename>
  <source>
    <database>Unknown</database>
    <annotation>Unknown</annotation>
    <image>Unknown</image>
  </source>
  <size>
    <width>3456</width>
    <height>4608</height>
    <depth></depth>
  </size>
  <segmented>0</segmented>
  <object>
    <name>cracked_screen</name>
    <truncated>0</truncated>
    <occluded>0</occluded>
    <difficult>0</difficult>
    <bndbox>
      <xmin>568.85</xmin>
      <ymin>405.24</ymin>
      <xmax>2392.54</xmax>
      <ymax>3849.9799999999996</ymax>
    </bndbox>
    <attributes>
      <attribute>
        <name>rotation</name>
        <value>0.0</value>
      </attribute>
    </attributes>
  </object>
</annotation>
