<annotation>
  <folder></folder>
  <filename>Datacluster Cracked Screen (120).jpg</filename>
  <source>
    <database>Unknown</database>
    <annotation>Unknown</annotation>
    <image>Unknown</image>
  </source>
  <size>
    <width>4160</width>
    <height>2340</height>
    <depth></depth>
  </size>
  <segmented>0</segmented>
  <object>
    <name>cracked_screen</name>
    <truncated>0</truncated>
    <occluded>0</occluded>
    <difficult>0</difficult>
    <bndbox>
      <xmin>167.37</xmin>
      <ymin>3.48</ymin>
      <xmax>3152.54</xmax>
      <ymax>1717.65</ymax>
    </bndbox>
    <attributes>
      <attribute>
        <name>rotation</name>
        <value>0.0</value>
      </attribute>
    </attributes>
  </object>
</annotation>
